record_context,source_field,proposed_target_field,fixture_import_type,expected_field_decision,buyer_target_field,observed_reexport_value_or_issue,review_role,review_decision
wholly_fictional_transport_test,fiction_notice,fiction_notice,text,Retain fictional notice exactly; this never becomes an account acceptance flag.,,,,
wholly_fictional_transport_test,record_id,handover_record_id,text,"Text primary row key; retain 0001 through 0005 exactly, no numeric inference.",,,,
wholly_fictional_transport_test,entity_id,external_entity_id,text,"Text entity key; retain 0007, 0008, 0101, 0102 and 0103. Row key and entity key are different namespaces.",,,,
wholly_fictional_transport_test,record_unit,entity_kind,text,Literal company or facility; never flatten facilities into extra companies.,,,,
wholly_fictional_transport_test,parent_company_id,parent_external_company_id,text,Text foreign key when known: facilities 0101 and 0102 point to company 0007. Empty for company rows and unknown facility 0103; consult relationship_status.,,,,
wholly_fictional_transport_test,relationship_status,relationship_status,text,"Literal known, unknown or not_applicable. Unknown is unresolved, not false; not_applicable is justified only for company rows in this fixture.",,,,
wholly_fictional_transport_test,equipment_status,equipment_status,text,"Literal unknown on all rows; no installed equipment is established. Empty is missing data, not unknown.",,,,
wholly_fictional_transport_test,optional_note,optional_note,text,"Optional empty text permitted. Nonempty notes preserve Unicode, commas and embedded double quotes. Empty note does not change evidence status.",,,,
wholly_fictional_transport_test,source_reviewed_at,source_reviewed_at,text,"Empty on every fixture row because no source was reviewed. Do not populate from file timestamps, test date or import date.",,,,
wholly_fictional_transport_test,source_review_state,source_review_state,text,Literal not_reviewed_in_fixture on every row; must survive beside the empty source review date.,,,,
wholly_fictional_transport_test,reviewed_date_test_value,reviewed_date_test_value,text,Synthetic date-format probe only: exact text 2001-02-03. Never map this field to an actual source review date; omit it from any real research schema.,,,,
wholly_fictional_transport_test,brief_ref,brief_ref,text,"Exact text DEMO-BRIEF-A-v1; identify the agreed brief, not a free-text guess.",,,,
wholly_fictional_transport_test,dictionary_version,dictionary_version,text,Exact text DEMO-DICT-v1; field definitions version must survive.,,,,
wholly_fictional_transport_test,export_version,export_version,text,Exact text DEMO-EXPORT-v1; output version is not the brief or dictionary version.,,,,
