fiction_label,entity_id,entity_type,display_name,identity_status,production_status,territory_status,exclusions_status,source_use_status,consistency_status,account_decision,evidence_id,unknowns,next_question
WHOLLY FICTIONAL TEACHING DATA — NOT REAL COMPANIES OR PROSPECTS,FIM-G01,group,Fictional Coppercloud Teaching Group,supported,not_applicable,not_applicable,not_applicable,stipulated_pass,supported,not_an_account,FIM-EG01,Purchasing authority and live demand not assessed.,
WHOLLY FICTIONAL TEACHING DATA — NOT REAL COMPANIES OR PROSPECTS,FIM-C01,company,Fictional Coppercloud Fabrication Company A,supported,pass,pass,pass,stipulated_pass,supported,include,FIM-EC01,Purchasing authority and live demand not assessed.,
WHOLLY FICTIONAL TEACHING DATA — NOT REAL COMPANIES OR PROSPECTS,FIM-C02,company,Fictional Coppercloud Fabrication Company B,supported,pass,pass,pass,stipulated_pass,supported,include,FIM-EC02,Purchasing authority and live demand not assessed.,
WHOLLY FICTIONAL TEACHING DATA — NOT REAL COMPANIES OR PROSPECTS,FIM-C03,company,Fictional Cloudspanner Distribution Company C,supported,unknown,unknown,pass,stipulated_pass,supported,hold,FIM-EC03,Whether this company itself operates relevant production in the Republic of Ireland.,Does permitted evidence attribute qualifying Irish production to Company C?
WHOLLY FICTIONAL TEACHING DATA — NOT REAL COMPANIES OR PROSPECTS,FIM-B01,brand,Fictional Coppercloud Workshop Label,supported,not_applicable,not_applicable,not_applicable,stipulated_pass,supported,not_an_account,FIM-EB01,Purchasing authority and live demand not assessed.,
WHOLLY FICTIONAL TEACHING DATA — NOT REAL COMPANIES OR PROSPECTS,FIM-B02,brand,Fictional Mistgear Unresolved Label,unknown,not_applicable,not_applicable,not_applicable,stipulated_pass,supported,not_an_account,FIM-EB02,Legal operator and company-to-production attribution unresolved.,Which company operates the workshop described under this brand?
WHOLLY FICTIONAL TEACHING DATA — NOT REAL COMPANIES OR PROSPECTS,FIM-F01,facility,Fictional Coppercloud Teaching Workshop One,supported,pass,pass,not_applicable,stipulated_pass,supported,not_an_account,FIM-EF01,Purchasing authority and live demand not assessed.,
WHOLLY FICTIONAL TEACHING DATA — NOT REAL COMPANIES OR PROSPECTS,FIM-F02,facility,Fictional Coppercloud Teaching Workshop Two,supported,pass,pass,not_applicable,stipulated_pass,supported,not_an_account,FIM-EF02,Purchasing authority and live demand not assessed.,
WHOLLY FICTIONAL TEACHING DATA — NOT REAL COMPANIES OR PROSPECTS,FIM-F03,facility,Fictional Coppercloud Teaching Workshop Three,supported,pass,pass,not_applicable,stipulated_pass,supported,not_an_account,FIM-EF03,Purchasing authority and live demand not assessed.,
WHOLLY FICTIONAL TEACHING DATA — NOT REAL COMPANIES OR PROSPECTS,FIM-F04,facility,Fictional Cloudspanner Teaching Sales Office,supported,fail,pass,not_applicable,stipulated_pass,supported,not_an_account,FIM-EF04,Purchasing authority and live demand not assessed.,
WHOLLY FICTIONAL TEACHING DATA — NOT REAL COMPANIES OR PROSPECTS,FIM-F05,facility,Fictional Mistgear Unattributed Workshop,unknown,unknown,unknown,not_applicable,stipulated_pass,supported,not_an_account,FIM-EF05,"Operator, qualifying activity and production territory.",Which company operates this site and what activity occurs where?
WHOLLY FICTIONAL TEACHING DATA — NOT REAL COMPANIES OR PROSPECTS,FIM-P01,project,Fictional Coppercloud Proposed Workshop Extension,supported,not_applicable,not_applicable,not_applicable,stipulated_pass,supported,not_an_account,FIM-EP01,"Approval, construction, specification, package availability and buying authority.",
