fiction_label,evidence_id,invented_statement,source_url,source_publication_date,source_review_date,intended_use,reuse_status
WHOLLY FICTIONAL TEACHING DATA — NOT REAL COMPANIES OR PROSPECTS,FIM-EG01,"Invented evidence: This invented group contains two separate incorporated operating companies. It is a relationship container, not an additional company account.",,,,fictional teaching only,original_fiction_not_real_permission
WHOLLY FICTIONAL TEACHING DATA — NOT REAL COMPANIES OR PROSPECTS,FIM-EC01,"Invented evidence: Separate incorporated Company A operates fabricated-metal production at facilities F01 and F02 in the Republic of Ireland. Identity, exclusions and internal consistency checks pass within the fiction.",,,,fictional teaching only,original_fiction_not_real_permission
WHOLLY FICTIONAL TEACHING DATA — NOT REAL COMPANIES OR PROSPECTS,FIM-EC02,Invented evidence: Separate incorporated Company B operates fabricated-metal production at facility F03 in the Republic of Ireland. It is distinct from Company A despite shared group membership. Exclusions and consistency checks pass within the fiction.,,,,fictional teaching only,original_fiction_not_real_permission
WHOLLY FICTIONAL TEACHING DATA — NOT REAL COMPANIES OR PROSPECTS,FIM-EC03,Invented evidence: Company C distributes fabricated components to Irish customers and has a Republic of Ireland sales office. The invented text neither confirms nor rules out production by Company C in Ireland. Exclusions are stipulated clear.,,,,fictional teaching only,original_fiction_not_real_permission
WHOLLY FICTIONAL TEACHING DATA — NOT REAL COMPANIES OR PROSPECTS,FIM-EB01,Invented evidence: This invented trading label is used by Company A; it is not another company.,,,,fictional teaching only,original_fiction_not_real_permission
WHOLLY FICTIONAL TEACHING DATA — NOT REAL COMPANIES OR PROSPECTS,FIM-EB02,Invented evidence: An invented brand page mentions group manufacturing and Irish customers but identifies no legal operator for the described workshop.,,,,fictional teaching only,original_fiction_not_real_permission
WHOLLY FICTIONAL TEACHING DATA — NOT REAL COMPANIES OR PROSPECTS,FIM-EF01,Invented evidence: This distinct physical site carries out fabricated-metal production in the Republic of Ireland. Company A is the supported operator.,,,,fictional teaching only,original_fiction_not_real_permission
WHOLLY FICTIONAL TEACHING DATA — NOT REAL COMPANIES OR PROSPECTS,FIM-EF02,Invented evidence: A second distinct physical site carries out fabricated-metal production in the Republic of Ireland. Company A is the supported operator.,,,,fictional teaching only,original_fiction_not_real_permission
WHOLLY FICTIONAL TEACHING DATA — NOT REAL COMPANIES OR PROSPECTS,FIM-EF03,Invented evidence: This distinct physical site carries out fabricated-metal production in the Republic of Ireland. Company B is the supported operator.,,,,fictional teaching only,original_fiction_not_real_permission
WHOLLY FICTIONAL TEACHING DATA — NOT REAL COMPANIES OR PROSPECTS,FIM-EF04,Invented evidence: This premises is a sales office only in the Republic of Ireland; no production occurs at this site. This does not establish whether Company C has production elsewhere.,,,,fictional teaching only,original_fiction_not_real_permission
WHOLLY FICTIONAL TEACHING DATA — NOT REAL COMPANIES OR PROSPECTS,FIM-EF05,"Invented evidence: An invented description mentions a workshop without resolving its operating company, production activity or location.",,,,fictional teaching only,original_fiction_not_real_permission
WHOLLY FICTIONAL TEACHING DATA — NOT REAL COMPANIES OR PROSPECTS,FIM-EP01,"Invented evidence: A proposed extension at existing facility F02 is attributed to Company A. It is an invented proposal, not a new operating facility, another company, a confirmed order or an open procurement package.",,,,fictional teaching only,original_fiction_not_real_permission
WHOLLY FICTIONAL TEACHING DATA — NOT REAL COMPANIES OR PROSPECTS,FIM-EL01,Invented evidence: Company A is a member of Group G01; membership does not merge it with Company B.,,,,fictional teaching only,original_fiction_not_real_permission
WHOLLY FICTIONAL TEACHING DATA — NOT REAL COMPANIES OR PROSPECTS,FIM-EL02,Invented evidence: Company B is a member of Group G01 and remains a distinct company.,,,,fictional teaching only,original_fiction_not_real_permission
WHOLLY FICTIONAL TEACHING DATA — NOT REAL COMPANIES OR PROSPECTS,FIM-EL03,"Invented evidence: Brand B01 is an attributed trading label of Company A, not another account.",,,,fictional teaching only,original_fiction_not_real_permission
WHOLLY FICTIONAL TEACHING DATA — NOT REAL COMPANIES OR PROSPECTS,FIM-EL04,Invented evidence: No reviewed invented statement identifies a legal company behind brand B02.,,,,fictional teaching only,original_fiction_not_real_permission
WHOLLY FICTIONAL TEACHING DATA — NOT REAL COMPANIES OR PROSPECTS,FIM-EL05,Invented evidence: Company A operates facility F01.,,,,fictional teaching only,original_fiction_not_real_permission
WHOLLY FICTIONAL TEACHING DATA — NOT REAL COMPANIES OR PROSPECTS,FIM-EL06,Invented evidence: Company A operates facility F02; it is a separate site but the same company.,,,,fictional teaching only,original_fiction_not_real_permission
WHOLLY FICTIONAL TEACHING DATA — NOT REAL COMPANIES OR PROSPECTS,FIM-EL07,Invented evidence: Company B operates facility F03.,,,,fictional teaching only,original_fiction_not_real_permission
WHOLLY FICTIONAL TEACHING DATA — NOT REAL COMPANIES OR PROSPECTS,FIM-EL08,Invented evidence: Company C operates sales office F04; this link does not assert manufacturing.,,,,fictional teaching only,original_fiction_not_real_permission
WHOLLY FICTIONAL TEACHING DATA — NOT REAL COMPANIES OR PROSPECTS,FIM-EL09,Invented evidence: The legal operator of facility F05 is unresolved. Shared brand wording is insufficient.,,,,fictional teaching only,original_fiction_not_real_permission
WHOLLY FICTIONAL TEACHING DATA — NOT REAL COMPANIES OR PROSPECTS,FIM-EL10,Invented evidence: Company A is the company attributed to proposed project P01; no procurement role is inferred.,,,,fictional teaching only,original_fiction_not_real_permission
WHOLLY FICTIONAL TEACHING DATA — NOT REAL COMPANIES OR PROSPECTS,FIM-EL11,"Invented evidence: Proposed project P01 concerns existing facility F02, not an additional operational site.",,,,fictional teaching only,original_fiction_not_real_permission
