fiction_label,mapping_id,subject_id,relationship,object_id,link_status,evidence_id,unknowns,next_question
WHOLLY FICTIONAL TEACHING DATA — NOT REAL COMPANIES OR PROSPECTS,FIM-L01,FIM-C01,member_of,FIM-G01,supported,FIM-EL01,,
WHOLLY FICTIONAL TEACHING DATA — NOT REAL COMPANIES OR PROSPECTS,FIM-L02,FIM-C02,member_of,FIM-G01,supported,FIM-EL02,,
WHOLLY FICTIONAL TEACHING DATA — NOT REAL COMPANIES OR PROSPECTS,FIM-L03,FIM-B01,trading_name_of,FIM-C01,supported,FIM-EL03,,
WHOLLY FICTIONAL TEACHING DATA — NOT REAL COMPANIES OR PROSPECTS,FIM-L04,FIM-B02,trading_name_of,,unknown,FIM-EL04,Brand-to-company attribution.,Which company is behind this trading label?
WHOLLY FICTIONAL TEACHING DATA — NOT REAL COMPANIES OR PROSPECTS,FIM-L05,FIM-F01,operated_by,FIM-C01,supported,FIM-EL05,,
WHOLLY FICTIONAL TEACHING DATA — NOT REAL COMPANIES OR PROSPECTS,FIM-L06,FIM-F02,operated_by,FIM-C01,supported,FIM-EL06,,
WHOLLY FICTIONAL TEACHING DATA — NOT REAL COMPANIES OR PROSPECTS,FIM-L07,FIM-F03,operated_by,FIM-C02,supported,FIM-EL07,,
WHOLLY FICTIONAL TEACHING DATA — NOT REAL COMPANIES OR PROSPECTS,FIM-L08,FIM-F04,operated_by,FIM-C03,supported,FIM-EL08,,
WHOLLY FICTIONAL TEACHING DATA — NOT REAL COMPANIES OR PROSPECTS,FIM-L09,FIM-F05,operated_by,,unknown,FIM-EL09,Facility operator.,Which company operates facility F05?
WHOLLY FICTIONAL TEACHING DATA — NOT REAL COMPANIES OR PROSPECTS,FIM-L10,FIM-P01,project_of,FIM-C01,supported,FIM-EL10,,
WHOLLY FICTIONAL TEACHING DATA — NOT REAL COMPANIES OR PROSPECTS,FIM-L11,FIM-P01,located_at,FIM-F02,supported,FIM-EL11,,
