item_id,area,buyer_question,completion_guidance,buyer_requirement,response,evidence_or_agreement_reference,responsible_role,blocking_for_this_buyer,status,decision_or_exception,review_trigger,decision_date
S01,Scope control,Which brief and output dictionary versions govern this comparison?,Reference approved documents; do not recreate targeting criteria here.,,,,,,,,,
S02,Scope control,Which working arrangement and intended decision does this copy cover?,"Use one copy per in-house, licensed-tool, commissioned or explicitly described hybrid arrangement.",,,,,,,,,
S03,Scope control,Which company-level outputs are included and explicitly excluded?,Reference required files and views; personal contacts and outreach are outside this checklist.,,,,,,,,,
A01,Acceptance,Who may approve the delivery and who may resolve a disputed decision?,Use internal role labels; separate production from review where agreed.,,,,,,,,,
A02,Acceptance,Which items are blocking and what inspection method will be used?,Buyer chooses full review or a defined sample; state its scope and limitations without a default pass rate.,,,,,,,,,
A03,Acceptance,How are accepted companies distinguished from supplied rows and unresolved work?,"Specify included, hold, duplicate and rejected views; cross-reference the batch audit rather than inventing a count.",,,,,,,,,
A04,Acceptance,Which missing or conflicting required fields prevent acceptance?,"Reference the field dictionary, allowed unknown values and agreed stopping rules.",,,,,,,,,
A05,Acceptance,What test deliverable must pass before the format is agreed?,Use a fictional or separately authorised non-sensitive example; do not upload real prospects for this exercise.,,,,,,,,,
X01,Export,"Which file format, encoding, field names and data types are required?","Specify identifiers as text, date conventions and explicit unknown values; do not infer defaults.",,,,,,,,,
X02,Export,Can the intended import preserve identifiers and company-to-site relationships?,"Document a local test using non-sensitive data, including leading zeros and multi-site records.",,,,,,,,,
X03,Export,"Which evidence references, dates and decision fields survive export?",Compare the agreed field map with the received file; do not rely only on a screen view.,,,,,,,,,
X04,Export,How will the approved version and received file be reconciled?,Agree version labels and row-identifier checks; choose a checksum or other integrity check if appropriate.,,,,,,,,,
X05,Export,Which access or administrator settings govern the required export?,Confirm for the actual arrangement; an available control is not a licence for a use.,,,,,,,,,
E01,Evidence access,What permitted evidence format will accompany each material field?,"Separate links, original notes and authorised extracts; keep source content out where rights are unresolved.",,,,,,,,,
E02,Evidence access,How can a reviewer challenge a finding if a link or source access fails?,Agree a permitted verification route and the consequence if evidence cannot be inspected.,,,,,,,,,
C01,Correction,"How are disputed records reported, investigated and resolved?","Agree a case reference, role owner, changed-field history and closure evidence.",,,,,,,,,
C02,Correction,What review window and correction or replacement terms are actually agreed?,"Leave all values blank until agreed; this worksheet supplies no deadline, entitlement or allowance.",,,,,,,,,
C03,Correction,How is a defect distinguished from new scope or later changed circumstances?,Compare with the approved brief and the documented state at handover; record disagreements.,,,,,,,,,
O01,Operational ownership,"Which roles own acceptance, import, rights review and unresolved questions?",Use roles rather than named people; responsibility does not establish intellectual-property ownership.,,,,,,,,,
O02,Operational ownership,Who maintains the output after handover and what triggers review?,Specify a buyer-chosen trigger and handover record; do not assume a refresh service is included.,,,,,,,,,
O03,Operational ownership,Who propagates corrections into downstream internal copies?,Name responsible roles and affected systems without listing personal data or credentials.,,,,,,,,,
R01,Rights boundary,"Who owns buyer-supplied inputs, original analysis and the compiled deliverable?",Record these separately and cite the applicable agreement; do not assume payment transfers ownership.,,,,,,,,,
R02,Rights boundary,Which third-party components remain subject to separate restrictions?,List component categories and controlling references without reproducing restricted material.,,,,,,,,,
R03,Rights boundary,Which recipients and internal CRM uses are authorised?,"Distinguish individual access, team access and onward use; obtain written confirmation for the intended arrangement.",,,,,,,,,
R04,Rights boundary,"Are customer-facing summaries, extracts or onward sharing permitted?","Record each intended use separately; no permission is supplied by this checklist, a link or rewritten wording.",,,,,,,,,
R05,Rights boundary,What are the agreed uses of buyer inputs by the provider or tool?,"Check processing, retention and any secondary use separately; provide no private files during this exercise.",,,,,,,,,
R06,Rights boundary,What may be retained or used after completion or access expiry?,"Distinguish continued access, retained outputs, source material and derived notes; no universal deletion or retention rule is assumed.",,,,,,,,,
R07,Rights boundary,"What must be removed or returned, by whom and from which copies?",Record applicable triggers and obligations; agree how compliance will be documented without assuming rights.,,,,,,,,,
R08,Rights boundary,"Which agreement version, exceptions and review role support the rights decision?",Reference the applicable order or licence and approved exceptions; source visibility is not clearance.,,,,,,,,,
D01,Release decision,Are all buyer-designated blocking items resolved for the intended use?,"An unanswered item is not a pass; distinguish unresolved, blocked, confirmed and justified not-applicable statuses.",,,,,,,,,
D02,Release decision,Which non-blocking exceptions remain and who accepts them?,"Record authorised role, rationale and review trigger; an exception cannot grant unavailable rights.",,,,,,,,,
D03,Release decision,What final decision and approved version will be recorded?,"Record proceed, hold or decline only after the required review; completing this file is not automatic acceptance.",,,,,,,,,
