asset_label,field,definition,allowed_values
EDUCATIONAL SCHEMA — FICTION-ONLY EXECUTABLE EXERCISE,fiction_label,Mandatory standalone fiction label; never remove from fictional rows.,"{""const"": ""WHOLLY FICTIONAL TEACHING DATA — NOT REAL PROSPECTS OR CLIENT DATA""}"
EDUCATIONAL SCHEMA — FICTION-ONLY EXECUTABLE EXERCISE,row_id,"Unique supplied-row identifier, not a company count.","{""pattern"": ""FIC-R[0-9]{2}""}"
EDUCATIONAL SCHEMA — FICTION-ONLY EXECUTABLE EXERCISE,supplied_name,Unmistakable invented label; not a real business.,"{""prefix"": ""Fictional ""}"
EDUCATIONAL SCHEMA — FICTION-ONLY EXECUTABLE EXERCISE,supplied_unit,"Original incoming unit; preserve it even after operator resolution. A nonduplicate row with an attributed company_key anchors that company, whatever its incoming unit.","{""enum"": [""company"", ""brand"", ""site""]}"
EDUCATIONAL SCHEMA — FICTION-ONLY EXECUTABLE EXERCISE,company_key,Resolved company identity; blank when unresolved. Group and site IDs are not company keys.,"{""pattern"": ""FIC-C[0-9]{2}|""}"
EDUCATIONAL SCHEMA — FICTION-ONLY EXECUTABLE EXERCISE,site_keys,Optional pipe-separated invented site keys. Keep sites under the company; do not count separately.,"{""pattern"": ""(FIC-S[0-9]{2})(\\|FIC-S[0-9]{2})*|""}"
EDUCATIONAL SCHEMA — FICTION-ONLY EXECUTABLE EXERCISE,group_key,Optional invented parent-group ID; a shared group alone does not establish duplication.,"{""pattern"": ""FIC-G[0-9]{2}|""}"
EDUCATIONAL SCHEMA — FICTION-ONLY EXECUTABLE EXERCISE,identity,Company-to-evidence and company-to-site attribution. Pass requires a company key.,"{""enum"": [""pass"", ""unknown"", ""conflict""]}"
EDUCATIONAL SCHEMA — FICTION-ONLY EXECUTABLE EXERCISE,activity,Pass: makes complete food-packaging machinery; fail: positive evidence of excluded activity; unknown: not established.,"{""enum"": [""pass"", ""fail"", ""unknown"", ""conflict""]}"
EDUCATIONAL SCHEMA — FICTION-ONLY EXECUTABLE EXERCISE,territory,Pass: relevant manufacturing in Republic of Ireland; office-only presence fails this fictional brief.,"{""enum"": [""pass"", ""fail"", ""unknown"", ""conflict""]}"
EDUCATIONAL SCHEMA — FICTION-ONLY EXECUTABLE EXERCISE,exclusions,Pass: stipulated fictional existing-account/channel check clear; fail: evidenced exclusion; unknown: not checked.,"{""enum"": [""pass"", ""fail"", ""unknown"", ""conflict""]}"
EDUCATIONAL SCHEMA — FICTION-ONLY EXECUTABLE EXERCISE,source_use,"Scenario-only permission for the declared simulated review, retention and customer-facing summary sharing. Pass is invented, never real permission; internal access alone is insufficient.","{""enum"": [""pass"", ""fail"", ""unknown"", ""conflict""]}"
EDUCATIONAL SCHEMA — FICTION-ONLY EXECUTABLE EXERCISE,evidence_consistency,Pass: no unresolved material contradiction within stipulated evidence; conflict: material contradiction remains.,"{""enum"": [""pass"", ""conflict""]}"
EDUCATIONAL SCHEMA — FICTION-ONLY EXECUTABLE EXERCISE,evidence_id,"Invented evidence-card ID, NOT a retrieved citation.","{""pattern"": ""FIC-E[0-9]{2}""}"
EDUCATIONAL SCHEMA — FICTION-ONLY EXECUTABLE EXERCISE,evidence_text,Original invented statements supporting the gate values. A human must check semantic support.,"{""prefix"": ""Invented evidence: ""}"
EDUCATIONAL SCHEMA — FICTION-ONLY EXECUTABLE EXERCISE,source_url,Blank in this fictional exercise: no live source exists.,"{""const"": """"}"
EDUCATIONAL SCHEMA — FICTION-ONLY EXECUTABLE EXERCISE,source_publication_date,Blank in fiction; never invent source dates.,"{""const"": """"}"
EDUCATIONAL SCHEMA — FICTION-ONLY EXECUTABLE EXERCISE,source_review_date,Blank in fiction; test execution date is NOT a source review date.,"{""const"": """"}"
EDUCATIONAL SCHEMA — FICTION-ONLY EXECUTABLE EXERCISE,project_status,"Separate from account fit. Qualifying signal requires additional invented text, not equipment-fit validation.","{""enum"": [""not_assessed_not_required"", ""no_qualifying_signal_in_bounded_review"", ""qualifying_signal_identified""]}"
EDUCATIONAL SCHEMA — FICTION-ONLY EXECUTABLE EXERCISE,project_evidence_text,Blank except for qualifying_signal_identified; then starts Invented signal: .,"{""type"": ""string""}"
EDUCATIONAL SCHEMA — FICTION-ONLY EXECUTABLE EXERCISE,canonical_row_id,Only for confirmed surplus duplicates: direct pointer to a nonduplicate row with the same resolved company_key; its original supplied_unit need not be company.,"{""pattern"": ""FIC-R[0-9]{2}|""}"
EDUCATIONAL SCHEMA — FICTION-ONLY EXECUTABLE EXERCISE,dedup_evidence,Invented attribution: statement naming the exact company_key and anchor row ID and explaining same-company linkage. Token presence is not semantic proof.,"{""type"": ""string""}"
EDUCATIONAL SCHEMA — FICTION-ONLY EXECUTABLE EXERCISE,next_check,Concrete unresolved verification question for holds; not an instruction to contact anyone.,"{""type"": ""string""}"
EDUCATIONAL SCHEMA — FICTION-ONLY EXECUTABLE EXERCISE,brief_id,Fictional brief identifier bound to the exercise policy; not a live customer brief.,"{""const"": ""FIC-BRIEF-01""}"
EDUCATIONAL SCHEMA — FICTION-ONLY EXECUTABLE EXERCISE,brief_version,"Exact brief version shared by policy, rows and answer key. Changing the brief requires reassessment, not relabelling.","{""const"": ""1""}"
