fiction_label,row_id,supplied_name,supplied_unit,company_key,site_keys,group_key,identity,activity,territory,exclusions,source_use,evidence_consistency,evidence_id,evidence_text,source_url,source_publication_date,source_review_date,project_status,project_evidence_text,canonical_row_id,dedup_evidence,next_check,brief_id,brief_version
WHOLLY FICTIONAL TEACHING DATA — NOT REAL PROSPECTS OR CLIENT DATA,FIC-R01,Fictional Packaging Builder A,company,FIC-C01,FIC-S01,,pass,pass,pass,pass,pass,pass,FIC-E01,"Invented evidence: Company FIC-C01 makes complete food-packaging machines at Irish production site FIC-S01. Identity and operation are attributed to this company. The fictional exclusion check is clear and simulated internal review, retention and customer-facing summary sharing of this invented card are stipulated as permitted within the exercise only.",,,,not_assessed_not_required,,,,,FIC-BRIEF-01,1
WHOLLY FICTIONAL TEACHING DATA — NOT REAL PROSPECTS OR CLIENT DATA,FIC-R02,Fictional Packaging Builder A trading label,brand,FIC-C01,FIC-S01,,pass,pass,pass,pass,pass,pass,FIC-E02,"Invented evidence: The trading label refers to the same company FIC-C01 and same production as FIC-R01, not a second business. The fictional exclusion check is clear and simulated internal review, retention and customer-facing summary sharing of this invented card are stipulated as permitted within the exercise only.",,,,not_assessed_not_required,,FIC-R01,"Invented attribution: this trading label is expressly the same company FIC-C01 retained at FIC-R01, not another operator.",,FIC-BRIEF-01,1
WHOLLY FICTIONAL TEACHING DATA — NOT REAL PROSPECTS OR CLIENT DATA,FIC-R03,Fictional Packaging Builder A second workshop,site,FIC-C01,FIC-S02,,pass,pass,pass,pass,pass,pass,FIC-E03,"Invented evidence: Workshop FIC-S02 is a second Irish production site operated by FIC-C01, the company in FIC-R01. The fictional exclusion check is clear and simulated internal review, retention and customer-facing summary sharing of this invented card are stipulated as permitted within the exercise only.",,,,not_assessed_not_required,,FIC-R01,"Invented attribution: workshop FIC-S02 is operated by company FIC-C01 retained at FIC-R01; it adds a site, not another company.",,FIC-BRIEF-01,1
WHOLLY FICTIONAL TEACHING DATA — NOT REAL PROSPECTS OR CLIENT DATA,FIC-R04,Fictional Packaging Builder B,company,FIC-C02,FIC-S03,FIC-G01,pass,pass,pass,pass,pass,pass,FIC-E04,"Invented evidence: Company FIC-C02 makes complete food-packaging machines at Irish production site FIC-S03; the company is separately identified. The fictional exclusion check is clear and simulated internal review, retention and customer-facing summary sharing of this invented card are stipulated as permitted within the exercise only.",,,,qualifying_signal_identified,"Invented signal: FIC-C02 proposes an additional machine-assembly hall. This satisfies this exercise's proposed production-space expansion signal only; stage, funding, procurement and equipment requirements are not established.",,,,FIC-BRIEF-01,1
WHOLLY FICTIONAL TEACHING DATA — NOT REAL PROSPECTS OR CLIENT DATA,FIC-R05,Fictional Packaging Builder C,company,FIC-C03,FIC-S04,FIC-G01,pass,pass,pass,pass,pass,pass,FIC-E05,"Invented evidence: Company FIC-C03 makes complete food-packaging machines at Irish production site FIC-S04. It shares FIC-G01 with FIC-C02 but is stipulated to be a separate company. A bounded fictional review identifies no qualifying signal; this does not prove no project exists. The fictional exclusion check is clear and simulated internal review, retention and customer-facing summary sharing of this invented card are stipulated as permitted within the exercise only.",,,,no_qualifying_signal_in_bounded_review,,,,,FIC-BRIEF-01,1
WHOLLY FICTIONAL TEACHING DATA — NOT REAL PROSPECTS OR CLIENT DATA,FIC-R06,Fictional Machinery Reseller D,company,FIC-C04,,,pass,fail,fail,pass,pass,pass,FIC-E06,"Invented evidence: FIC-C04 operates in Ireland solely reselling bought-in machinery and performs no machine production. Identity is resolved. The fictional exclusion check is clear and simulated internal review, retention and customer-facing summary sharing of this invented card are stipulated as permitted within the exercise only.",,,,not_assessed_not_required,,,,,FIC-BRIEF-01,1
WHOLLY FICTIONAL TEACHING DATA — NOT REAL PROSPECTS OR CLIENT DATA,FIC-R07,Fictional Overseas Builder E,company,FIC-C05,,,pass,pass,fail,pass,pass,pass,FIC-E07,"Invented evidence: FIC-C05 makes complete food-packaging machinery only outside the Republic of Ireland. Its Irish presence is a sales office, not production. Identity is resolved. The fictional exclusion check is clear and simulated internal review, retention and customer-facing summary sharing of this invented card are stipulated as permitted within the exercise only.",,,,not_assessed_not_required,,,,,FIC-BRIEF-01,1
WHOLLY FICTIONAL TEACHING DATA — NOT REAL PROSPECTS OR CLIENT DATA,FIC-R08,Fictional Packaging Builder F existing account,company,FIC-C06,,,pass,pass,pass,fail,pass,pass,FIC-E08,"Invented evidence: FIC-C06 is a resolved Irish food-packaging machinery manufacturer. The invented buyer exclusion register explicitly lists FIC-C06 as an existing account. Simulated internal review, retention and customer-facing summary sharing are stipulated as permitted within the exercise only.",,,,not_assessed_not_required,,,,,FIC-BRIEF-01,1
WHOLLY FICTIONAL TEACHING DATA — NOT REAL PROSPECTS OR CLIENT DATA,FIC-R09,Fictional Packaging Brand G unresolved operator,brand,,,,unknown,unknown,unknown,unknown,pass,pass,FIC-E09,"Invented evidence: A brand page describes food-packaging machine production in the Republic of Ireland but does not identify its operating company. The activity and location cannot yet be attributed to a company, and company-specific existing-account/channel checks have not been completed. Simulated internal review, retention and customer-facing summary sharing of this card are stipulated as permitted within the exercise only.",,,,not_assessed_not_required,,,,Which company operates the described production? Attribute the activity and production location and complete its company-specific exclusion checks before changing those gates.,FIC-BRIEF-01,1
WHOLLY FICTIONAL TEACHING DATA — NOT REAL PROSPECTS OR CLIENT DATA,FIC-R10,Fictional Engineering H activity gap,company,FIC-C08,,,pass,unknown,unknown,pass,pass,pass,FIC-E10,"Invented evidence: FIC-C08 is identified at an Irish engineering workshop, but no statement establishes whether it builds complete machinery, designs it, or only services it. The fictional exclusion check is clear and simulated internal review, retention and customer-facing summary sharing of this invented card are stipulated as permitted within the exercise only.",,,,not_assessed_not_required,,,,Does this company manufacture complete food-packaging machinery at the identified Irish workshop?,FIC-BRIEF-01,1
WHOLLY FICTIONAL TEACHING DATA — NOT REAL PROSPECTS OR CLIENT DATA,FIC-R11,Fictional Packaging Builder I use gap,company,FIC-C09,,,pass,pass,pass,pass,unknown,pass,FIC-E11,"Invented evidence: FIC-C09 is a resolved Irish food-packaging machinery manufacturer. Exclusions are stipulated clear. Simulated internal review and retention are stipulated permitted, but intended customer-facing summary sharing remains unresolved; internal permission alone is insufficient.",,,,not_assessed_not_required,,,,"What source/item terms permit the intended use and sharing, or can independently permitted evidence replace this card in real work?",FIC-BRIEF-01,1
WHOLLY FICTIONAL TEACHING DATA — NOT REAL PROSPECTS OR CLIENT DATA,FIC-R12,Fictional Packaging Builder J location conflict,company,FIC-C10,,,pass,pass,conflict,pass,pass,conflict,FIC-E12,"Invented evidence: FIC-C10 is a resolved food-packaging machinery builder. Two invented statements disagree on whether manufacturing occurs in Ireland or only at an overseas site. Neither resolves the other. The fictional exclusion check is clear and simulated internal review, retention and customer-facing summary sharing of this invented card are stipulated as permitted within the exercise only.",,,,not_assessed_not_required,,,,Which production-location statement is current and attributable to FIC-C10? Resolve the contradiction before deciding.,FIC-BRIEF-01,1
WHOLLY FICTIONAL TEACHING DATA — NOT REAL PROSPECTS OR CLIENT DATA,FIC-R13,Fictional Workshop K operator not supplied,site,,FIC-S09,,unknown,unknown,unknown,unknown,pass,pass,FIC-E13,"Invented evidence: Workshop FIC-S09 makes complete food-packaging machines in the Republic of Ireland, but no operating company is supplied. Do not transfer that activity or location to a guessed company. Company-specific existing-account/channel checks are unresolved. Simulated internal review, retention and customer-facing summary sharing of this card are stipulated as permitted within the exercise only.",,,,not_assessed_not_required,,,,"Which company operates FIC-S09? Preserve the supplied site unit; resolve company attribution and recheck its activity, production location and exclusions before company-level acceptance.",FIC-BRIEF-01,1
WHOLLY FICTIONAL TEACHING DATA — NOT REAL PROSPECTS OR CLIENT DATA,FIC-R14,Fictional Packaging Builder L,company,FIC-C12,FIC-S10,,pass,pass,pass,pass,pass,pass,FIC-E14,"Invented evidence: FIC-C12 is separately identified as making complete food-packaging machines at Irish production site FIC-S10. The fictional exclusion check is clear and simulated internal review, retention and customer-facing summary sharing of this invented card are stipulated as permitted within the exercise only.",,,,not_assessed_not_required,,,,,FIC-BRIEF-01,1
