record_context,frame_version,brief_version,company_id,company_label,counting_unit,frame_group,stipulated_condition,A_selected,A_reviewed,A_outcome,B_selected,B_reviewed,B_outcome,production_acceptance,source_url,source_date,local_comparison_note,local_next_question
wholly_fictional,SAMPLE-FRAME-01-v1,SAMPLE-BRIEF-01-v1,FIC-SC01,Fictional Machinery Company 01,company,straightforward,All exercise gates stipulated met,yes,yes,pass,yes,yes,pass,not_assessed,,,,
wholly_fictional,SAMPLE-FRAME-01-v1,SAMPLE-BRIEF-01-v1,FIC-SC02,Fictional Machinery Company 02,company,straightforward,All exercise gates stipulated met,yes,yes,pass,yes,yes,pass,not_assessed,,,,
wholly_fictional,SAMPLE-FRAME-01-v1,SAMPLE-BRIEF-01-v1,FIC-SC03,Fictional Machinery Company 03,company,straightforward,All exercise gates stipulated met,yes,yes,pass,no,no,not_reviewed,not_assessed,,,,
wholly_fictional,SAMPLE-FRAME-01-v1,SAMPLE-BRIEF-01-v1,FIC-SC04,Fictional Machinery Company 04,company,straightforward,All exercise gates stipulated met,yes,yes,pass,no,no,not_reviewed,not_assessed,,,,
wholly_fictional,SAMPLE-FRAME-01-v1,SAMPLE-BRIEF-01-v1,FIC-SC05,Fictional Machinery Company 05,company,multiple_site,Company identity known but Irish production-site attribution unresolved,no,no,not_reviewed,yes,yes,hold,not_assessed,,,,
wholly_fictional,SAMPLE-FRAME-01-v1,SAMPLE-BRIEF-01-v1,FIC-SC06,Fictional Machinery Company 06,company,multiple_site,Company identity known but Irish production-site attribution unresolved,no,no,not_reviewed,yes,yes,hold,not_assessed,,,,
wholly_fictional,SAMPLE-FRAME-01-v1,SAMPLE-BRIEF-01-v1,FIC-SC07,Fictional Machinery Company 07,company,multiple_site,Company identity known but Irish production-site attribution unresolved,no,no,not_reviewed,no,no,not_reviewed,not_assessed,,,,
wholly_fictional,SAMPLE-FRAME-01-v1,SAMPLE-BRIEF-01-v1,FIC-SC08,Fictional Machinery Company 08,company,multiple_site,Company identity known but Irish production-site attribution unresolved,no,no,not_reviewed,no,no,not_reviewed,not_assessed,,,,
wholly_fictional,SAMPLE-FRAME-01-v1,SAMPLE-BRIEF-01-v1,FIC-SC09,Fictional Machinery Company 09,company,conflicting_activity,Company identity known but machinery-building activity descriptions conflict,no,no,not_reviewed,yes,yes,hold,not_assessed,,,,
wholly_fictional,SAMPLE-FRAME-01-v1,SAMPLE-BRIEF-01-v1,FIC-SC10,Fictional Machinery Company 10,company,conflicting_activity,Company identity known but machinery-building activity descriptions conflict,no,no,not_reviewed,yes,yes,hold,not_assessed,,,,
wholly_fictional,SAMPLE-FRAME-01-v1,SAMPLE-BRIEF-01-v1,FIC-SC11,Fictional Machinery Company 11,company,conflicting_activity,Company identity known but machinery-building activity descriptions conflict,no,no,not_reviewed,no,no,not_reviewed,not_assessed,,,,
wholly_fictional,SAMPLE-FRAME-01-v1,SAMPLE-BRIEF-01-v1,FIC-SC12,Fictional Machinery Company 12,company,conflicting_activity,Company identity known but machinery-building activity descriptions conflict,no,no,not_reviewed,no,no,not_reviewed,not_assessed,,,,
