fiction_label,row_id,disposition,reason,research_class,canonical_row_id,next_check,brief_id,brief_version
WHOLLY FICTIONAL TEACHING DATA — NOT REAL PROSPECTS OR CLIENT DATA,FIC-R01,include,All required account gates pass; no project assessment required.,fit_matched_lookalike,,,FIC-BRIEF-01,1
WHOLLY FICTIONAL TEACHING DATA — NOT REAL PROSPECTS OR CLIENT DATA,FIC-R02,duplicate,Confirmed trading-label duplicate of FIC-R01. Count no additional company.,,FIC-R01,,FIC-BRIEF-01,1
WHOLLY FICTIONAL TEACHING DATA — NOT REAL PROSPECTS OR CLIENT DATA,FIC-R03,duplicate,"Second confirmed site of FIC-R01. Preserve site FIC-S02, not another account.",,FIC-R01,,FIC-BRIEF-01,1
WHOLLY FICTIONAL TEACHING DATA — NOT REAL PROSPECTS OR CLIENT DATA,FIC-R04,include,Required account gates pass; additional invented expansion signal meets exercise definition.,opportunity_signal,,,FIC-BRIEF-01,1
WHOLLY FICTIONAL TEACHING DATA — NOT REAL PROSPECTS OR CLIENT DATA,FIC-R05,include,Separate company despite shared group; bounded no-signal status does not defeat fit.,fit_matched_lookalike,,,FIC-BRIEF-01,1
WHOLLY FICTIONAL TEACHING DATA — NOT REAL PROSPECTS OR CLIENT DATA,FIC-R06,reject,Positive resale-only statement fails required machinery-building activity.,,,,FIC-BRIEF-01,1
WHOLLY FICTIONAL TEACHING DATA — NOT REAL PROSPECTS OR CLIENT DATA,FIC-R07,reject,Positive overseas-only production statement fails Irish-production rule.,,,,FIC-BRIEF-01,1
WHOLLY FICTIONAL TEACHING DATA — NOT REAL PROSPECTS OR CLIENT DATA,FIC-R08,reject,Explicit existing-account exclusion fails the written brief.,,,,FIC-BRIEF-01,1
WHOLLY FICTIONAL TEACHING DATA — NOT REAL PROSPECTS OR CLIENT DATA,FIC-R09,hold,"Company-to-brand attribution unresolved; company-specific activity, location and exclusions cannot yet pass.",,,Which company operates the described production? Attribute the activity and production location and complete its company-specific exclusion checks before changing those gates.,FIC-BRIEF-01,1
WHOLLY FICTIONAL TEACHING DATA — NOT REAL PROSPECTS OR CLIENT DATA,FIC-R10,hold,Machinery-building activity unknown; missing evidence is not a negative fact.,,,Does this company manufacture complete food-packaging machinery at the identified Irish workshop?,FIC-BRIEF-01,1
WHOLLY FICTIONAL TEACHING DATA — NOT REAL PROSPECTS OR CLIENT DATA,FIC-R11,hold,Intended source/customer use unresolved; other passes cannot override it.,,,"What source/item terms permit the intended use and sharing, or can independently permitted evidence replace this card in real work?",FIC-BRIEF-01,1
WHOLLY FICTIONAL TEACHING DATA — NOT REAL PROSPECTS OR CLIENT DATA,FIC-R12,hold,Material territory contradiction remains unresolved.,,,Which production-location statement is current and attributable to FIC-C10? Resolve the contradiction before deciding.,FIC-BRIEF-01,1
WHOLLY FICTIONAL TEACHING DATA — NOT REAL PROSPECTS OR CLIENT DATA,FIC-R13,hold,"Supplied site has no resolved company operator; company-specific activity, location and exclusions remain unresolved.",,,"Which company operates FIC-S09? Preserve the supplied site unit; resolve company attribution and recheck its activity, production location and exclusions before company-level acceptance.",FIC-BRIEF-01,1
WHOLLY FICTIONAL TEACHING DATA — NOT REAL PROSPECTS OR CLIENT DATA,FIC-R14,include,Account fit established in fiction; no active project is required.,fit_matched_lookalike,,,FIC-BRIEF-01,1
