section,field,completion_guidance,seed_profile,candidate_a,candidate_b,candidate_c,candidate_d
instructions,purpose,"Educational company-level comparison only. All entry cells are blank; this is not a researched list or delivery approval.",,,,,
instructions,confidentiality,"Do not enter live customer lists; customer identity; personal data; order history; confidential pricing; identifiable site details; or client secrets. Use only an authorised generalised seed profile.",,,,,
instructions,how_to_use,"Open as UTF-8 and preserve identifiers as text. Enter applicable rules in the seed column; candidate observations and decisions in candidate columns. Repeat the evidence block per additional source and reuse evidence IDs in criterion rows.",,,,,
setup,brief_reference_and_version,"Enter the agreed brief reference and version. Apply the same rules to all candidates; record a changed scope as a new version.",,,,,
setup,seed_use_authority_reference,"Seed column only: reference the controlled authorisation for this use. Do not paste underlying customer records or confidential permission documents.",,,,,
setup,seed_abstraction_check,"Seed column only: explain which potentially identifying or confidential details were omitted or generalised. An unnamed profile can still reveal a client.",,,,,
setup,repeatable_fit_hypothesis,"Seed column: explain why the profile is relevant beyond a one-off sale. Candidate columns: record only the bounded relevance hypothesis; not a claim of buying intent.",,,,,
setup,record_unit,"Seed column: record company as the unit for this guide. Keep relevant sites attached to the company; candidate slots are not distinct-company counts.",,,,,
identity,candidate_company_reference,"Candidate columns only: stable company-level record reference. Do not enter the real seed customer's name.",,,,,
identity,company_site_relationship,"Candidate columns only: identify the relevant operating site and the supported company relationship where permitted; do not assume a group operates every site.",,,,,
identity,identity_evidence_refs,"Candidate columns only: evidence IDs supporting the company identity and site attribution. Shared names are not enough.",,,,,
identity,identity_and_duplicate_check,"Candidate columns only: state resolved; unknown; or conflicting with explanation. Identify any confirmed duplicate anchor without counting another account.",,,,,
activity,required_activity_rule_and_observation,"Seed column: required activity. Candidate columns: permitted observation about actual activity; not a product-word inference.",,,,,
activity,activity_evidence_refs,"Candidate columns only: evidence IDs that support or challenge the activity observation. Link to the evidence blocks below.",,,,,
activity,activity_assessment,"Candidate columns only: supported; contradicted; unknown; or conflicting with a reason against the seed rule.",,,,,
role,required_customer_role_and_observation,"Seed column: required role such as contract finisher or in-house manufacturer. Candidate columns: permitted observation about the actual role.",,,,,
role,role_evidence_refs,"Candidate columns only: evidence IDs supporting or challenging the customer role. Do not infer procurement authority from activity.",,,,,
role,role_assessment,"Candidate columns only: supported; contradicted; unknown; or conflicting with a reason against the seed rule.",,,,,
territory,required_operating_territory_and_observation,"Seed column: territory and required operating presence. Candidate columns: permitted observation about relevant operations rather than only a sales address.",,,,,
territory,territory_evidence_refs,"Candidate columns only: evidence IDs attributing the relevant activity and location to this company.",,,,,
territory,territory_assessment,"Candidate columns only: supported; contradicted; unknown; or conflicting with a reason against the seed rule.",,,,,
other,additional_required_criterion,"Add a block with rule; observation; evidence references; and assessment for any additional required criterion before research. Do not hide a requirement in optional preferences.",,,,,
other,optional_discriminator_and_reason,"Seed column: a meaningful optional discriminator and why it matters. Candidate columns: observation; evidence reference; and whether it affects ordering only. Leave unknown rather than infer size or budget.",,,,,
other,similarities_to_ignore,"Seed column: superficial or non-transferable features. Candidate columns: note tempting but unsupported similarities that must not decide the fit.",,,,,
exclusions,exclusion_rules_and_controlled_check,"Seed column: general exclusion rules and controlled workflow reference. Candidate columns: check result and reference only. Do not paste customer or conflict lists.",,,,,
evidence,evidence_id,"Start of repeatable evidence block. Candidate columns: unique reference for one source and its supported claim. Repeat this whole block for additional sources.",,,,,
evidence,source_url_or_controlled_reference,"Candidate columns: actual reviewed source URL or controlled reference. No fabricated citations; leave blank until reviewed. Keep confidential evidence in its permitted environment.",,,,,
evidence,source_publication_date,"Candidate columns: actual source publication date if known. Leave blank if unknown; do not substitute review date.",,,,,
evidence,actual_check_date,"Candidate columns: date this source was actually reviewed. Never enter a planned check date as completed research.",,,,,
evidence,intended_use_and_terms_reference,"Candidate columns: intended retained or customer use and the relevant access/use terms reference. Public availability is not permission to copy or redistribute.",,,,,
evidence,source_use_limits_or_unresolved_question,"Candidate columns: record applicable limits and the outcome of the intended-use check. Leave source-content observation blank while permission is unresolved.",,,,,
evidence,permitted_observation,"Candidate columns: concise permitted observation only after source-use checks. Preserve exact scope and attribution; do not copy substantial source text.",,,,,
evidence,supported_criterion_refs,"Candidate columns: specify the activity; role; territory; identity; or other criterion this source supports or challenges. Multiple sources can address one criterion.",,,,,
evidence,interpretation_and_limits,"Candidate columns: separate your inference from the observed fact. Record scope limits; group-versus-site ambiguity; missing dates; or contradictions.",,,,,
evidence,next_verification_question,"End of repeatable evidence block. Candidate columns: a concrete unresolved question or additional check; leave blank only when none remains for this source.",,,,,
decision,required_checks_summary,"Candidate columns: summarise identity; required criteria; exclusions; source-use posture; and material consistency. Do not let an optional score override an unresolved or failed requirement.",,,,,
decision,client_brief_fit_decision,"Candidate columns: shortlist; hold; or reject with reasons. Shortlist requires resolved required checks. Hold material uncertainty. Reject a supported non-match; do not investigate unrelated optional details merely to justify rejection.",,,,,
decision,similarity_reason_and_failed_or_open_rule,"Candidate columns: explain transferable fit; the positively failed rule; or the missing/conflicting fact. A shared word is not a fit reason.",,,,,
decision,proposed_alternative_brief,"Candidate columns: optional separate hypothesis for a rejected adjacent company. It does not change the current brief or current decision.",,,,,
separate_checks,project_research_status,"Candidate columns: distinguish not assessed-not required from a bounded review with no qualifying signal found or a separately evidenced signal. Neither absence statement proves no project exists.",,,,,
separate_checks,project_evidence_refs_and_limits,"Candidate columns: actual evidence references only if a project signal was assessed. Account fit does not prove current projects; package availability; or demand.",,,,,
separate_checks,technical_suitability_and_unknowns,"Candidate columns: record separately established technical facts and remaining unknowns. Matching processes do not prove equipment compatibility or installed equipment.",,,,,
separate_checks,outreach_clearance_boundary,"Candidate columns: record the separate clearance boundary or control reference if genuinely assessed. This worksheet grants no contact or outreach permission; do not enter personal contact details.",,,,,
handoff,next_action_and_internal_role,"Candidate columns: next verification question and responsible internal role rather than a person's details. Do not invent assigned dates or claim monitoring is active.",,,,,
handoff,review_trigger,"Candidate columns: actual agreed trigger for reconsidering the decision. Keep missing timing unknown; a proposed trigger is not a completed check.",,,,,
handoff,delivery_release_boundary,"Separate release decision/control reference if genuinely made in the authorised workflow. Research fit is not delivery approval. Do not prefill an approved status.",,,,,
