field,value
review_record_id,
supplier_scope_brief,
supplier_delivery_role,
territory,
scope_exclusions,
search_query,
cpv_code_as_published,
notice_identifier,
notice_version,
notice_type_as_published,
lot_identifier,
source_url,
source_publication_date,
retrieved_at_utc,
response_deadline_as_published,
deadline_time_zone,
latest_change_source_url,
latest_change_checked_at_utc,
observed_deliverable,
observed_evidence_reference,
supply_boundary,
route_evidence,
relevance_reasoning,
technical_unknowns,
eligibility_unknowns,
timing_unknowns,
other_unknowns,
source_terms_url,
item_terms_reference,
intended_source_use,
source_use_status,
required_attribution,
triage_decision,
decision_reason,
next_verification_step,
reviewer_role,
next_review_date,
