fiction_label,card_id,company_id,descriptor_purpose,invented_evidence,source_url,source_publication_date,source_review_date
Wholly fictional teaching exercise; not researched or anonymised companies.,P01,FPA,role_label,Fictional Pharma A is described only as a marketing-authorisation-holder. No work or site is specified.,,,
Wholly fictional teaching exercise; not researched or anonymised companies.,P02,FPB,office,Fictional Pharma B has an invented office in the Republic of Ireland. Its other activities are not described.,,,
Wholly fictional teaching exercise; not researched or anonymised companies.,P03,FPC,distribution,Fictional Pharma C stores and distributes finished goods in the Republic of Ireland and explicitly performs no physical making anywhere.,,,
Wholly fictional teaching exercise; not researched or anonymised companies.,P04,FPD,laboratory,Fictional Pharma D only analyses supplied samples at an invented Republic of Ireland laboratory and explicitly performs no physical making anywhere.,,,
Wholly fictional teaching exercise; not researched or anonymised companies.,P05,FPE,packing,Fictional Pharma E only packs already-made goods at an invented Republic of Ireland site and explicitly performs no physical making anywhere.,,,
Wholly fictional teaching exercise; not researched or anonymised companies.,P06,FPF,physical_making,Fictional Pharma F itself physically makes an invented medicine at Site F1 in the Republic of Ireland.,,,
Wholly fictional teaching exercise; not researched or anonymised companies.,P07,FPF,office,Fictional Pharma F also operates Office F2 in the Republic of Ireland. This card adds no production claim and does not contradict P06.,,,
Wholly fictional teaching exercise; not researched or anonymised companies.,P08,FPG,overseas_work,Fictional Pharma G physically makes an invented medicine only outside the Republic of Ireland; its sole Republic of Ireland operation is an office.,,,
Wholly fictional teaching exercise; not researched or anonymised companies.,P09,FPH,conflicting_scope,"For Fictional Pharma H at invented Site H1 in the Republic of Ireland, one card stipulates physical making and another stipulates that only sample analysis occurs. Their present applicability is unresolved.",,,
